0.49,0.29,0.48,0.5,0.56,0.24,0.35,0.389903125458082,0.692720343662356,0.54908625402793,0.881592762035717,0.66571486567417,0.76591830071674,0.079948764949632
0.07,0.4,0.48,0.5,0.54,0.35,0.44,0.701587930769163,0.396198493354767,0.532099665019893,0.803305173589351,0.237670958452386,0.754781258422516,0.924203861219438
0.56,0.4,0.48,0.5,0.49,0.37,0.46,0.723704578359947,0.19230396052459,0.6516984243857,0.612648457230565,0.288248258800892,0.263277784640362,0.530280034241774
0.59,0.49,0.48,0.5,0.52,0.45,0.36,0.711711461423078,0.908998476153321,0.953982762562484,0.906279932587489,0.0867947545046081,0.840419112642159,0.745784683425607
0.23,0.32,0.48,0.5,0.55,0.25,0.35,0.589570915529493,0.213109566787804,0.556215131860218,0.888092771760872,0.793648173175314,0.882098033499405,0.315157136684171
0.67,0.39,0.48,0.5,0.36,0.38,0.46,0.364496347536521,0.343831611089598,0.672224132047253,0.766414301820008,0.529395110566669,0.548460535165293,0.295537397162723
0.29,0.28,0.48,0.5,0.44,0.23,0.34,0.143457796445618,0.911419740769427,0.952841443415796,0.98905220785686,0.147186294363514,0.207414260468129,0.285700307018823
0.21,0.34,0.48,0.5,0.51,0.28,0.39,0.727236048371862,0.247987297184559,0.627928105106007,0.767054253619032,0.35081160662863,0.0926514920102593,0.313012459582719
0.2,0.44,0.48,0.5,0.46,0.51,0.57,0.340786088511113,0.936136834087236,0.680903806980345,0.528581772176467,0.436018753853006,0.585523745952863,0.59454815826756
0.42,0.4,0.48,0.5,0.56,0.18,0.3,0.0543257454250552,0.423966693759775,0.903390285613155,0.862455783159758,0.537986872423565,0.619913651864803,0.22037910517845
0.42,0.24,0.48,0.5,0.57,0.27,0.37,0.594600738609962,0.502640478224378,0.843650693626623,0.758773700068226,0.225822773692951,0.453950493450748,0.462448110106395
0.25,0.48,0.48,0.5,0.44,0.17,0.29,0.381877284496,0.495908755024368,0.863435514731875,0.65509552209932,0.129308970828022,0.619117538373705,0.393411066344353
0.39,0.32,0.48,0.5,0.46,0.24,0.35,0.811747878592679,0.480516867846483,0.882539135581899,0.632354515776648,0.724483396244524,0.898375364518252,0.77970040294843
0.51,0.5,0.48,0.5,0.46,0.32,0.35,0.453359828725408,0.758246688656579,0.992843609691482,0.915336703397271,0.40993432832953,0.760625687096817,0.417708303147503
0.22,0.43,0.48,0.5,0.48,0.16,0.28,0.198388754765395,0.974942258203119,0.505548844820058,0.59743856671833,0.0587737643795208,0.333958614641798,0.560375312214791
0.25,0.4,0.48,0.5,0.46,0.44,0.52,0.189528162279426,0.308323934960052,0.921557266687022,0.790737427991709,0.192036868396398,0.475964443614126,0.775143095645795
0.34,0.45,0.48,0.5,0.38,0.24,0.35,0.715958894691061,0.920648061920351,0.752886404818302,0.766514678408955,0.432642241277045,0.277869878493726,0.41502360928444
0.44,0.27,0.48,0.5,0.55,0.52,0.58,0.725476207465978,0.35738934728616,0.576303624264702,0.723088889352546,0.845961383307139,0.26947832965843,0.888925935037389
0.23,0.4,0.48,0.5,0.39,0.28,0.38,0.0178185643334586,0.278091144860211,0.901545285687281,0.931275502315708,0.0772251968075223,0.252310213358936,0.556642423860621
0.41,0.57,0.48,0.5,0.39,0.21,0.32,0.0698066687084132,0.89181568617488,0.48887007592651,0.694531538797109,0.646255934364287,0.375752841989547,0.924020190241121
0.4,0.45,0.48,0.5,0.38,0.22,0,0.397906146999954,0.725582844414536,0.910067808743764,0.625799121695678,0.641508253530538,0.461464516513752,0.444798223049843
0.31,0.23,0.48,0.5,0.73,0.05,0.14,0.433221497116158,0.99724926847014,0.918176537417995,0.575317645178995,0.42207484312609,0.576945320274498,0.483773373711165
0.51,0.54,0.48,0.5,0.41,0.34,0.43,0.441386639590857,0.60825046974025,0.607236922699662,0.648839633708156,0.536388582025835,0.77172811462583,0.0651174213091263
0.3,0.16,0.48,0.5,0.56,0.11,0.23,0.259123493400798,0.792892776664998,0.502251053095824,0.664898239060532,0.516461441900833,0.191816871578855,0.0163392694243484
0.36,0.39,0.48,0.5,0.48,0.22,0.23,0.656697725472321,0.48880861987973,0.505479500998128,0.657112924745697,0.474907441619302,0.112815065277214,0.443211909542138
0.29,0.37,0.48,0.5,0.48,0.44,0.52,0.8363548517918,0.503588889335956,0.516098682928879,0.603925403178864,0.698955985231104,0.631863108860668,0.237418888033763
0.25,0.4,0.48,0.5,0.47,0.33,0.42,0.411349818914449,0.543625576634809,0.9436213309281,0.822353132797865,0.199540943694488,0.924734484419928,0.299350366395742
0.21,0.51,0.48,0.5,0.5,0.32,0.41,0.584465170605047,0.580666155159744,0.520002066332996,0.581360319018262,0.131258736736206,0.327004209519438,0.610181149369114
0.43,0.37,0.48,0.5,0.53,0.35,0.44,0.184646731384916,0.172033615656854,0.538267176573195,0.911799553355112,0.387468238343587,0.565018063306877,0.129930345593136
0.43,0.39,0.48,0.5,0.47,0.31,0.41,0.862207797994207,0.213511801864419,0.539671509551927,0.968318714483423,0.217577279401228,0.990318881686565,0.295324873240943
0.53,0.38,0.48,0.5,0.44,0.26,0.36,0.225769827740084,0.377849813285775,0.573037548952773,0.671830841965878,0.324165060834185,0.485573311942541,0.0729688404589805
0.34,0.33,0.48,0.5,0.38,0.35,0.44,0.155612702129587,0.44017201073214,0.682096222163376,0.669030656070519,0.21416370458133,0.0643851596879952,0.528837099076226
0.56,0.51,0.48,0.5,0.34,0.37,0.46,0.666227837500716,0.556800892864765,0.585810069239482,0.591697368149062,0.816421675201109,0.262815460565926,0.397141277881262
0.4,0.29,0.48,0.5,0.42,0.35,0.44,0.00451115057405599,0.188608542834762,0.646771120146289,0.582045984145081,0.834015467925168,0.286484212366381,0.410211693330271
0.24,0.35,0.48,0.5,0.31,0.19,0.31,0.748553882075189,0.989384635562118,0.654146375551717,0.616913393553645,0.620854491250943,0.166101539333183,0.323681907906166
0.36,0.54,0.48,0.5,0.41,0.38,0.46,0.740291561855395,0.597853213470316,0.883244867737861,0.765749968720919,0.448310731494149,0.167264212846094,0.77270732429769
0.29,0.52,0.48,0.5,0.42,0.29,0.39,0.404828800093761,0.929655269954277,0.847536647550311,0.60508401509415,0.788880942109283,0.667641158127514,0.646111428575063
0.65,0.47,0.48,0.5,0.59,0.3,0.4,0.627401896348445,0.305666553133409,0.920713401166352,0.869345765574173,0.878392331981532,0.698091677285902,0.192499297466816
0.32,0.42,0.48,0.5,0.35,0.28,0.38,0.00546839671413767,0.954946079806947,0.778942053369338,0.877426324819804,0.287972750053257,0.529794733526636,0.298348494444437
0.38,0.46,0.48,0.5,0.48,0.22,0.29,0.413849418108742,0.738500619220832,0.710335911740018,0.527344038715051,0.141024640546838,0.0905336893757594,0.961662981741644
0.33,0.45,0.48,0.5,0.52,0.32,0.41,0.610423556423562,0.428023187757844,0.84612083803919,0.938743818153956,0.239980685369071,0.314317582778369,0.35389296291443
0.3,0.37,0.48,0.5,0.59,0.41,0.49,0.505449581767388,0.506891947671213,0.836962102768575,0.586501186648513,0.167842113934178,0.884974364021546,0.959204273060599
0.4,0.5,0.48,0.5,0.45,0.39,0.47,0.36967889331372,0.842907396204022,0.853461077234402,0.869116615619504,0.184112428469411,0.909801833361584,0.98100703996737
0.28,0.38,0.48,0.5,0.5,0.33,0.42,0.0936748836955239,0.820358108550238,0.844518897783537,0.764626363324983,0.172976119438956,0.606386417878899,0.733573745359999
0.61,0.45,0.48,0.5,0.48,0.35,0.41,0.501066589187203,0.953493933772081,0.930185845728508,0.799113192166594,0.203658320955623,0.361042037754715,0.228887381611627
0.17,0.38,0.48,0.5,0.45,0.42,0.5,0.159350648139249,0.49208971723592,0.896918387151888,0.541104776407274,0.326309611473347,0.288029063544491,0.0294489826299584
0.44,0.35,0.48,0.5,0.55,0.55,0.61,0.469834850797213,0.874449510232881,0.846412692194075,0.824773491922373,0.194615698668568,0.978104097411311,0.0457125381753887
0.43,0.4,0.48,0.5,0.39,0.28,0.39,0.0902384135310745,0.165343724178144,0.812054596358998,0.740534102695928,0.670000807892097,0.306688988908148,0.721939049604065
0.42,0.35,0.48,0.5,0.58,0.15,0.27,0.103241573520257,0.436619168215617,0.661867019863787,0.539829321032421,0.351025136159523,0.783126808915053,0.311654742470904
0.23,0.33,0.48,0.5,0.43,0.33,0.43,0.679338816401308,0.708415123317153,0.659594084660109,0.647411335209373,0.128975499200562,0.724483352711923,0.816084502556614
0.37,0.52,0.48,0.5,0.42,0.42,0.36,0.256769739538159,0.94641385529814,0.544504581800614,0.903605004094247,0.103709639439275,0.1199412168787,0.959224161453256
0.29,0.3,0.48,0.5,0.45,0.03,0.17,0.816478047319372,0.549521404109808,0.682867739655958,0.632511089074226,0.86681307088454,0.530450511430566,0.979364578348799
0.22,0.36,0.48,0.5,0.35,0.39,0.47,0.88262290133103,0.961287046678857,0.833259090215375,0.635170456863165,0.144573418533106,0.328067273447769,0.1935899320653
0.23,0.58,0.48,0.5,0.37,0.53,0.59,0.676533497594891,0.333654916695469,0.965536054156008,0.53530822160538,0.702012320097355,0.354485074500142,0.804444653463438
0.47,0.47,0.48,0.5,0.22,0.16,0.26,0.43120746403793,0.705962740445482,0.795050830861614,0.929576760597033,0.825900349672357,0.610053082005796,0.0798903137228197
0.54,0.47,0.48,0.5,0.28,0.33,0.42,0.713134634179378,0.730644908415737,0.720596877305122,0.994510613629591,0.0469232287565488,0.881618188844978,0.00120500356912067
0.51,0.37,0.48,0.5,0.35,0.36,0.45,0.616535116196801,0.272704831910197,0.933645050360883,0.810601262179997,0.0842317519681032,0.16783183512663,0.044953288554565
0.4,0.35,0.48,0.5,0.45,0.33,0.42,0.0570518446577036,0.506606074772089,0.972044885557547,0.502860671514747,0.468416773906656,0.734264699324154,0.165587693721945
0.44,0.34,0.48,0.5,0.3,0.33,0.43,0.888956817643863,0.749276095764197,0.854157239739476,0.856160038268636,0.596330231489016,0.6141252439923,0.498388723733965
0.42,0.38,0.48,0.5,0.54,0.34,0.43,0.00289857974663937,0.256785325666028,0.990996018633502,0.768050374256769,0.172008837020617,0.857920778954881,0.530893249363161
0.44,0.56,0.48,0.5,0.5,0.46,0.54,0.628793451231878,0.594356880270111,0.749916130294181,0.889034091429101,0.186243461395011,0.219681188042444,0.601793236282651
0.52,0.36,0.48,0.5,0.41,0.28,0.38,0.774523530240056,0.657372687535138,0.79888889090777,0.854596143351691,0.139518454037845,0.234410925466267,0.118110357685844
0.36,0.41,0.48,0.5,0.48,0.47,0.54,0.134022509462311,0.308656685363243,0.542466607999878,0.743161838606255,0.670184087129088,0.469571482775896,0.296687033734773
0.18,0.3,0.48,0.5,0.46,0.24,0.35,0.77594241958235,0.724394928092972,0.489673128141537,0.787958781359134,0.00453712880845353,0.470682285915223,0.564322697682088
0.47,0.29,0.48,0.5,0.51,0.33,0.43,0.521044671055105,0.561110450287083,0.89587566826499,0.827096347560212,0.730704097856692,0.504797550297579,0.860115287655827
0.24,0.43,0.48,0.5,0.54,0.52,0.59,0.0980527886739471,0.806383038536263,0.8642081915485,0.886862983441894,0.285266078523794,0.823381768155965,0.154438716243806
0.25,0.37,0.48,0.5,0.41,0.33,0.42,0.699543840049078,0.63400260710249,0.935180098797349,0.674156091881632,0.295121872788367,0.162678434227384,0.772198909214699
0.52,0.57,0.48,0.5,0.42,0.47,0.54,0.719876680892117,0.868918566230681,0.819408912987416,0.970638899927467,0.758285306599553,0.733285697107015,0.0157610754966968
0.25,0.37,0.48,0.5,0.43,0.26,0.36,0.499844112851609,0.834546383764872,0.97622838850329,0.80946969237701,0.216067572121963,0.0410295278528724,0.760153016772071
0.35,0.48,0.48,0.5,0.56,0.4,0.48,0.315730287076674,0.448692122771637,0.543625625920875,0.832787682852496,0.45447107092741,0.772748588781851,0.750659109322211
0.26,0.26,0.48,0.5,0.34,0.25,0.35,0.122094269470167,0.584239777771585,0.514098732100541,0.842904055222134,0.208740563076142,0.751908133002446,0.888883947343143
0.44,0.51,0.48,0.5,0.47,0.26,0.36,0.417714801790603,0.478221871651952,0.808838473936775,0.849658239840125,0.404555001846774,0.966156599262531,0.543708539397841
0.37,0.5,0.48,0.5,0.42,0.36,0.45,0.760761442889332,0.558488974169745,0.841015648369323,0.837810705632863,0.421966351943661,0.829131216615601,0.305732087470293
0.44,0.42,0.48,0.5,0.42,0.25,0.2,0.650404425882622,0.324221387012926,0.953453964064253,0.718071154247483,0.324753773148635,0.180535044121175,0.690121185534172
0.24,0.43,0.48,0.5,0.37,0.28,0.38,0.230782779757815,0.857992017633072,0.889742492796433,0.833061770743284,0.0754704053791956,0.308831083583951,0.729161532824562
0.42,0.3,0.48,0.5,0.48,0.26,0.36,0.552917284439972,0.211232136543868,0.516057162790977,0.94884163900488,0.224041940929709,0.819723294825995,0.5126138280311
0.48,0.42,0.48,0.5,0.45,0.25,0.35,0.073890416250779,0.534914000704515,0.812292740410202,0.986208868524764,0.196946355579759,0.630381904272472,0.296541682118996
0.41,0.48,0.48,0.5,0.51,0.44,0.51,0.786697525045019,0.67910175018863,0.624340254140238,0.709978691670548,0.783996747629098,0.959939353800804,0.148911940488495
0.44,0.28,0.48,0.5,0.43,0.27,0.37,0.597797345516454,0.981661331340506,0.885297823950145,0.611433246186748,0.0161541781642892,0.306718401327848,0.443614100502187
0.29,0.41,0.48,0.5,0.48,0.38,0.46,0.882183635952794,0.271454012172189,0.694790179574193,0.512206036035361,0.539408617425226,0.338545918989514,0.0718622529475426
0.34,0.28,0.48,0.5,0.41,0.35,0.44,0.725003827597481,0.223235209907913,0.769106091633278,0.591113598361323,0.391995321898542,0.834701756608799,0.850547465463479
0.41,0.43,0.48,0.5,0.45,0.31,0.41,0.668335567871431,0.312167645482143,0.602785945430083,0.76241542412183,0.118711701863879,0.112270403429326,0.658298951141885
0.29,0.47,0.48,0.5,0.41,0.23,0.34,0.126957300329635,0.849267443738086,0.881056774871291,0.791565133454766,0.20322785567639,0.173074031726062,0.555736905622317
0.34,0.55,0.48,0.5,0.58,0.31,0.41,0.853783511366741,0.489778510906793,0.655625680727266,0.858976515735351,0.550831905957541,0.829419880945533,0.193284336119203
0.36,0.56,0.48,0.5,0.43,0.45,0.53,0.282083759403974,0.575860763938514,0.760080893475658,0.885502173137194,0.838784644397839,0.388448333957559,0.688929447172308
0.4,0.46,0.48,0.5,0.52,0.49,0.56,0.128370867046411,0.439677329470759,0.710026911760986,0.877585232208873,0.673959156409161,0.147999164842767,0.654987307590131
0.5,0.49,0.48,0.5,0.49,0.46,0.53,0.143748879356726,0.49111248968079,0.742755114975124,0.786889085152193,0.404370614641345,0.842628117386654,0.502787569740731
0.52,0.44,0.48,0.5,0.37,0.36,0.42,0.233150794408503,0.813073929013986,0.574758453714991,0.622532863714545,0.380275436952442,0.255672731552055,0.8933079510289
0.5,0.51,0.48,0.5,0.27,0.23,0.34,0.423106718301606,0.185837685225848,0.740564854242226,0.610165534903982,0.784862993137473,0.507138495279256,0.193727829020675
0.53,0.42,0.48,0.5,0.16,0.29,0.39,0.372801432337411,0.446372903218125,0.659106503932699,0.518712402533063,0.486804071084653,0.604733181557334,0.785345864619209
0.34,0.46,0.48,0.5,0.52,0.35,0.44,0.0644489168025265,0.543175376745041,0.497232886027323,0.540953206030955,0.0526633365829617,0.290770518485776,0.519340109300308
0.4,0.42,0.48,0.5,0.37,0.27,0.27,0.885075652940086,0.189386673780861,0.89922225813062,0.822060751368373,0.0855151855115438,0.583539636290899,0.0655796855390956
0.41,0.43,0.48,0.5,0.5,0.24,0.25,0.593981872774572,0.615140928031861,0.871111870580339,0.650193960449985,0.639935556694141,0.285486737754779,0.33936048313742
0.3,0.45,0.48,0.5,0.36,0.21,0.32,0.484735232057634,0.216477491661739,0.647907792297792,0.753253776942829,0.796664251967188,0.289070553730531,0.222165248475334
0.31,0.47,0.48,0.5,0.29,0.28,0.39,0.546540906880962,0.546007224719327,0.674383470603487,0.938734733109144,0.558513138830442,0.0861862068617455,0.375795914499506
0.64,0.76,0.48,0.5,0.45,0.35,0.38,0.172655630600692,0.289115173521029,0.936387129832,0.943501377293473,0.547616821300937,0.0848872304362028,0.616447529417401
0.35,0.37,0.48,0.5,0.3,0.34,0.43,0.723710493560663,0.898687979988213,0.854067152108753,0.571894830899648,0.377497183292002,0.401300214076235,0.35959805224904
0.57,0.54,0.48,0.5,0.37,0.28,0.33,0.757876598770598,0.975524408041137,0.840030149582208,0.504664243465326,0.445371453879481,0.202588795345642,0.44306616549913
0.65,0.55,0.48,0.5,0.34,0.37,0.28,0.563131147128948,0.925717950027487,0.916839207392794,0.832426125174605,0.570085306562917,0.121041066221613,0.766926660403537
0.51,0.46,0.48,0.5,0.58,0.31,0.41,0.270503885832166,0.6333909087659,0.501883739712615,0.63955753446844,0.691708959283955,0.84908750159488,0.226094293017681
0.38,0.4,0.48,0.5,0.63,0.25,0.35,0.699689961150452,0.36811338221043,0.545939498177879,0.672063987257529,0.868340576963306,0.268114603225006,0.539146832181176
0.24,0.57,0.48,0.5,0.63,0.34,0.43,0.787316234314474,0.854631336214475,0.965687371409356,0.755898828864927,0.293490306795914,0.791397342234118,0.686434577539076
0.38,0.26,0.48,0.5,0.54,0.16,0.28,0.124271415270001,0.621860674993746,0.723456240742802,0.7466423735631,0.00646198460245862,0.673743712995166,0.734397759634862
0.33,0.47,0.48,0.5,0.53,0.18,0.29,0.756133054520364,0.40640679126453,0.599448568759302,0.95111602903415,0.872718492940888,0.543699418158518,0.705225012667755
0.24,0.34,0.48,0.5,0.38,0.3,0.4,0.8591323295618,0.495998290452125,0.734065431182833,0.600487501863161,0.592224027314776,0.694708899000623,0.254783189303811
0.26,0.5,0.48,0.5,0.44,0.32,0.41,0.762428064097791,0.760017139402574,0.64222900230686,0.629887793282887,0.388726004561118,0.393006528895965,0.00115871461525605
0.44,0.49,0.48,0.5,0.39,0.38,0.4,0.801795035708147,0.339988334163082,0.795098665138281,0.526486994215553,0.502066301757846,0.557766641187293,0.457317728342212
0.43,0.32,0.48,0.5,0.33,0.45,0.52,0.559434912407263,0.253398681816307,0.635641012180405,0.72791960194463,0.160758534746766,0.570401216330367,0.380214587155416
0.49,0.43,0.48,0.5,0.49,0.3,0.4,0.51551186953803,0.950484556756454,0.51978723480188,0.952702223835621,0.0955278613223599,0.226201834022611,0.929263558582499
0.47,0.28,0.48,0.5,0.56,0.2,0.25,0.255181890572868,0.864381199462536,0.525662786035182,0.957157554310926,0.712913291722023,0.127764089865991,0.403829294285132
0.32,0.33,0.48,0.5,0.6,0.06,0.2,0.617772028100084,0.196173586727616,0.871122789502639,0.719594810223964,0.282712905740201,0.654934404758961,0.389229531321488
0.34,0.35,0.48,0.5,0.51,0.49,0.56,0.234032456315413,0.497091887656696,0.691002807130071,0.896609638109863,0.45899786677988,0.757851861740677,0.567862359913044
0.35,0.34,0.48,0.5,0.46,0.3,0.27,0.628131563797479,0.443798903515191,0.531100287779289,0.774263755754271,0.515277191839287,0.535597343359263,0.738342666459599
0.38,0.3,0.48,0.5,0.43,0.29,0.39,0.688057697005283,0.675894055959481,0.929045375412636,0.833043374151884,0.715990800425654,0.057422268109065,0.335832044023239
0.38,0.44,0.48,0.5,0.43,0.2,0.31,0.328304320895982,0.830548284881549,0.911388376317425,0.674881454609908,0.629136116883065,0.93175048015163,0.103420249781697
0.41,0.51,0.48,0.5,0.58,0.2,0.31,0.489353745703719,0.725766844355356,0.62280012578019,0.727988526584241,0.734663463685207,0.993433754100664,0.144055405662848
0.34,0.42,0.48,0.5,0.41,0.34,0.43,0.0411873929856105,0.88206190523739,0.620361954230602,0.575955763609481,0.572100257878445,0.692295056834214,0.291333051640783
0.51,0.49,0.48,0.5,0.53,0.14,0.26,0.112632709252602,0.281599594737776,0.644618242539898,0.507999294496876,0.811736123667481,0.804236194832719,0.0624266208936946
0.25,0.51,0.48,0.5,0.37,0.42,0.5,0.810963391123013,0.532112319410543,0.982430757605874,0.698088713013648,0.725251147125921,0.629298990920852,0.408604273888233
0.29,0.28,0.48,0.5,0.5,0.42,0.5,0.439078608784687,0.469646942600891,0.982156462351549,0.724881953709931,0.458736230559259,0.133198153988009,0.0394129643539011
0.25,0.26,0.48,0.5,0.39,0.32,0.42,0.0470797780179932,0.533670954902726,0.979888319099083,0.904134398828684,0.368961730077832,0.734553411496621,0.370300191762109
0.24,0.41,0.48,0.5,0.49,0.23,0.34,0.317802870335503,0.360089384280427,0.52575107317953,0.726381615794324,0.306927605258439,0.237424446778581,0.276626544203161
0.17,0.39,0.48,0.5,0.53,0.3,0.39,0.156535551556986,0.852227821931451,0.748357836041913,0.768264698147756,0.203516568914432,0.790851828250364,0.294193684096482
0.04,0.31,0.48,0.5,0.41,0.29,0.39,0.328188757838102,0.219187290149854,0.598152615965671,0.781678616989599,0.0153660595296362,0.932981952776766,0.610952410190387
0.61,0.36,0.48,0.5,0.49,0.35,0.44,0.566118080399389,0.849749886475629,0.968819328287338,0.97361705547168,0.823183945450051,0.78041230077775,0.528888634320607
0.34,0.51,0.48,0.5,0.44,0.37,0.46,0.707359759433495,0.418077257151186,0.823202017881013,0.935809816057177,0.0253773158843215,0.704066928863817,0.17070802105148
0.28,0.33,0.48,0.5,0.45,0.22,0.33,0.0634051246698128,0.206919407165796,0.723221515028838,0.834197477506256,0.259053870443269,0.466160439966564,0.4053671722649
0.4,0.46,0.48,0.5,0.42,0.35,0.44,0.425534832951737,0.266998164525246,0.660777957434783,0.998994193374028,0.113445752931271,0.133168104557385,0.390571461289132
0.23,0.34,0.48,0.5,0.43,0.26,0.37,0.398032739276246,0.37400483365055,0.753881874445684,0.746819327726554,0.233285979316117,0.645206412575222,0.584419277040559
0.37,0.44,0.48,0.5,0.42,0.39,0.47,0.103181356647126,0.932328372006827,0.720530147750341,0.582407560425437,0.428192571087041,0.657603038816707,0.819535366853513
0,0.38,0.48,0.5,0.42,0.48,0.55,0.203942952060999,0.946990583750001,0.571677967572086,0.794602754268183,0.780885733061762,0.248045427493717,0.0386742261460464
0.39,0.31,0.48,0.5,0.38,0.34,0.43,0.55089322887128,0.841617040598028,0.964560879891662,0.76468255116917,0.766603145997472,0.0917887479613063,0.899810072328121
0.3,0.44,0.48,0.5,0.49,0.22,0.33,0.695249370682087,0.385295686460199,0.667945198072902,0.795742599768244,0.345360006049302,0.158025628698394,0.691033734669503
0.27,0.3,0.48,0.5,0.71,0.28,0.39,0.112787592339981,0.80930618843553,0.869918326040847,0.629483539866248,0.874273322781572,0.871658316246639,0.635676013750444
0.17,0.52,0.48,0.5,0.49,0.37,0.46,0.0330000371326437,0.250566170513568,0.823314820987915,0.937192272369919,0.419937361494357,0.655462731156912,0.695454027604095
0.36,0.42,0.48,0.5,0.53,0.32,0.41,0.736199432161432,0.537566277676391,0.670388781161589,0.94744232176188,0.798636750964795,0.266094171454071,0.917900318746792
0.3,0.37,0.48,0.5,0.43,0.18,0.3,0.612097889696023,0.695935896606191,0.798810963489696,0.58256294212569,0.830308498859118,0.621893426392857,0.219083447064359
0.26,0.4,0.48,0.5,0.36,0.26,0.37,0.176190072259086,0.618943925302311,0.759550876503335,0.566854588305393,0.137599497994224,0.0847895106386486,0.867394950438619
0.4,0.41,0.48,0.5,0.55,0.22,0.33,0.00572828764197496,0.60772114412834,0.574149852035402,0.612126779242543,0.702586169899644,0.32171554804446,0.607269556519956
0.22,0.34,0.48,0.5,0.42,0.29,0.39,0.509272074792816,0.630659480633943,0.597962080756779,0.585844015694371,0.877772249295079,0.465593442947226,0.0694408689626953
0.44,0.35,0.48,0.5,0.44,0.52,0.59,0.115129637922811,0.711674992585931,0.56444184769528,0.758278929544484,0.205412494223095,0.811203025412033,0.253843279743661
0.27,0.42,0.48,0.5,0.37,0.38,0.43,0.125040146763015,0.452857359475257,0.488536002444782,0.635260776090885,0.559477329393798,0.459197412580545,0.0231104681085292
0.16,0.43,0.48,0.5,0.54,0.27,0.37,0.248028234828062,0.280341081594198,0.638055267666679,0.512586844307295,0.234446027012004,0.199598621934902,0.288605283928541
0.06,0.61,0.48,0.5,0.49,0.92,0.37,0.372175666617744,0.299838809254596,0.564049865257846,0.514815267537704,0.72951171490044,0.688216854169979,0.953265715438164
0.44,0.52,0.48,0.5,0.43,0.47,0.54,0.000574965324024401,0.261197319950207,0.858433334982463,0.505620062609731,0.574313284149308,0.147689393412784,0.375414093083061
0.63,0.47,0.48,0.5,0.51,0.82,0.84,0.0419106639403001,0.596497087981166,0.675031891249482,0.993618477107269,0.324189072766318,0.692341680867511,0.848203229615152
0.23,0.48,0.48,0.5,0.59,0.88,0.89,0.792975614680283,0.255323255982498,0.664868239740499,0.575615980881188,0.547447810899008,0.826644785062392,0.385169114222576
0.34,0.49,0.48,0.5,0.58,0.85,0.8,0.587970185329079,0.431123972828132,0.544578640088195,0.558602312150023,0.772403006928368,0.776166409501874,0.444058854699308
0.43,0.4,0.48,0.5,0.58,0.75,0.78,0.235256641249745,0.29335590039184,0.963755490175312,0.511708834981544,0.556294355684234,0.16850311274261,0.195388871937027
0.46,0.61,0.48,0.5,0.48,0.86,0.87,0.839821898216666,0.919806251855247,0.798073006514364,0.754770792231713,0.0600752870953587,0.813110826401076,0.154866869498878
0.27,0.35,0.48,0.5,0.51,0.77,0.79,0.752698547647629,0.265085798477082,0.655733443644388,0.833787579360852,0.413719767022466,0.115555976832207,0.357386139511634
0.52,0.39,0.48,0.5,0.65,0.71,0.73,0.277477801650547,0.257549749921449,0.912489351273724,0.660226526356796,0.514214625742942,0.416271964542206,0.651849620082274
0.29,0.47,0.48,0.5,0.71,0.65,0.69,0.0735626788730715,0.335556316271234,0.672267163838197,0.556924842405492,0.80340270571417,0.0326127148202205,0.220137759218713
0.55,0.47,0.48,0.5,0.57,0.78,0.8,0.650447435342917,0.999347916363649,0.85714043872047,0.923013116290321,0.159493643801782,0.0668931869286969,0.742008345921745
0.12,0.67,0.48,0.5,0.74,0.58,0.63,0.233447122131301,0.578428444081711,0.963545668337624,0.930450758923065,0.0745141299835124,0.672245233199098,0.730549381231866
0.4,0.5,0.48,0.5,0.65,0.82,0.84,0.352491898874989,0.775021441837387,0.8309098877436,0.947876714171802,0.149278450404542,0.873848726375544,0.133017190184746
0.73,0.36,0.48,0.5,0.53,0.91,0.92,0.800200865368348,0.360213569581184,0.831399279533298,0.596408961221519,0.0783764583606689,0.127044653328276,0.630981109991979
0.84,0.44,0.48,0.5,0.48,0.71,0.74,0.641542987283875,0.816237852015962,0.74173277010414,0.984997518205259,0.431201785458449,0.836986524362847,0.537883208376188
0.48,0.45,0.48,0.5,0.6,0.78,0.8,0.498491594648003,0.311335033835256,0.714290824269324,0.892712354576872,0.00515074958931006,0.963483559229397,0.204597788989068
0.54,0.49,0.48,0.5,0.4,0.87,0.88,0.348068130375893,0.940134793330661,0.520101985830246,0.768336892843484,0.375163221959558,0.44918786425583,0.710173193340304
0.48,0.41,0.48,0.5,0.51,0.9,0.88,0.758090956933321,0.419709679617391,0.868692735635607,0.807986374744346,0.164180133891287,0.732075776652288,0.501717458324888
0.5,0.66,0.48,0.5,0.31,0.92,0.92,0.170627954581163,0.661537587378222,0.635486381273484,0.547360915567928,0.346620911331431,0.615864298751766,0.900101180171631
0.72,0.46,0.48,0.5,0.51,0.66,0.7,0.0464464953467504,0.225264711431536,0.779825249872441,0.764850361844951,0.209030318307132,0.0972961923580901,0.163896034450427
0.47,0.55,0.48,0.5,0.58,0.71,0.75,0.157027326600175,0.75899445023743,0.670172266341198,0.587659606041004,0.358884457918449,0.9576694135658,0.200365100113063
0.33,0.56,0.48,0.5,0.33,0.78,0.8,0.772137613310079,0.50448392376513,0.84638655717896,0.755733122311245,0.0152770709674713,0.511820230185034,0.600313960137398
0.64,0.58,0.48,0.5,0.48,0.78,0.73,0.554216618684255,0.402732915549532,0.55314252642652,0.644872897881062,0.508465050920413,0.110329772164442,0.721820287099195
0.54,0.57,0.48,0.5,0.56,0.81,0.83,0.470396417920037,0.811102932371313,0.582906248630852,0.709009053417189,0.0540788229655421,0.669235998655616,0.441305158508306
0.47,0.59,0.48,0.5,0.52,0.76,0.79,0.40219162156088,0.485622502177772,0.535939266345425,0.980714157987445,0.543095957684079,0.713342750692602,0.590339450212949
0.63,0.5,0.48,0.5,0.59,0.85,0.86,0.0399661890530524,0.625930217305648,0.680045733677888,0.954294303193267,0.0373418180067648,0.372658066133791,0.478510645796146
0.49,0.42,0.48,0.5,0.53,0.79,0.81,0.381665892096488,0.935436686395489,0.931942328131892,0.754425509455209,0.83771848925038,0.996644063258576,0.879735155559515
0.31,0.5,0.48,0.5,0.57,0.84,0.85,0.0953751977189429,0.896547717632439,0.88845498636701,0.678876363417286,0.104658807677521,0.319407873234006,0.745418783074314
0.74,0.44,0.48,0.5,0.55,0.88,0.89,0.248426451984611,0.924134076695326,0.571484340974265,0.620330240918175,0.357224055550946,0.798521496971489,0.453882716077132
0.33,0.45,0.48,0.5,0.45,0.88,0.89,0.609801011260426,0.389948071946894,0.933896918958709,0.918377860929049,0.790801291191206,0.477686599943806,0.10175465231253
0.45,0.4,0.48,0.5,0.61,0.74,0.77,0.423138288769491,0.428243883696839,0.855291618198354,0.649952323218702,0.370247002989633,0.470718841386582,0.471362392589775
0.71,0.4,0.48,0.5,0.71,0.7,0.74,0.409244572900149,0.927444566047705,0.660853760544262,0.534821258810634,0.498876193762702,0.557314431394761,0.374700272295498
0.5,0.37,0.48,0.5,0.66,0.64,0.69,0.0693236323018841,0.224724902855588,0.825508593828614,0.894355145671361,0.512022314774413,0.594274372640955,0.615806295898539
0.66,0.53,0.48,0.5,0.59,0.66,0.66,0.658715774117891,0.223105879563761,0.505930577910712,0.922816394266674,0.616846541447637,0.0742987457122079,0.65426095364833
0.6,0.61,0.48,0.5,0.54,0.67,0.71,0.487726853091678,0.213682648978551,0.480925386373279,0.773596922888822,0.693731855428147,0.683015188170532,0.795842954539991
0.83,0.37,0.48,0.5,0.61,0.71,0.74,0.611843792656515,0.296631234940308,0.946705775693575,0.678874893664467,0.268704848157496,0.173775855680318,0.491060187189974
0.34,0.51,0.48,0.5,0.67,0.9,0.9,0.354200296568759,0.493018727275039,0.717941304264632,0.939881215901928,0.310884058583003,0.061903162314835,0.0550425742049716
0.63,0.54,0.48,0.5,0.65,0.79,0.81,0.422213963296534,0.632488999827619,0.847887855633518,0.557359710370758,0.280007050498619,0.0464652619921438,0.582970436673238
0.7,0.4,0.48,0.5,0.56,0.86,0.83,0.216877595066621,0.61576619911177,0.667640951565964,0.689870498597133,0.851140619545002,0.168692201292186,0.562907336374264
0.6,0.5,1,0.5,0.54,0.77,0.8,0.311966103848571,0.715780162056228,0.771576391750314,0.98058675157748,0.137070052122424,0.727930705231086,0.55289794774873
0.16,0.51,0.48,0.5,0.33,0.39,0.48,0.334165900023301,0.543179315038237,0.712487204186256,0.901343934498627,0.394955649041082,0.991653039765732,0.807651209988102
0.74,0.7,0.48,0.5,0.66,0.65,0.69,0.307462704511494,0.943978901121093,0.748642520575278,0.991309371518209,0.163767444744446,0.675774101506022,0.000632016806214044
0.2,0.46,0.48,0.5,0.57,0.78,0.81,0.0302569830104293,0.701233267995573,0.995849575069087,0.971519479357895,0.209059027219812,0.168291019016318,0.663593490806129
0.89,0.55,0.48,0.5,0.51,0.72,0.76,0.819258195650108,0.478007453723055,0.718615643823578,0.950038085207998,0.726498276217823,0.170772332803302,0.98733371658269
0.7,0.46,0.48,0.5,0.56,0.78,0.73,0.814669427855142,0.317765402549431,0.529454067663728,0.822165327244436,0.630788884498744,0.881748070063363,0.830406835389211
0.12,0.43,0.48,0.5,0.63,0.7,0.74,0.453542939656565,0.447817695778553,0.770738140584062,0.823715524267721,0.466066358039074,0.390111160458136,0.306886899882528
0.61,0.52,0.48,0.5,0.54,0.67,0.52,0.257462236018116,0.268411012582247,0.53072098185709,0.916662304097639,0.68380065425841,0.662280635643058,0.220017369142786
0.33,0.37,0.48,0.5,0.46,0.65,0.69,0.226499784953292,0.396761465515446,0.653741037185331,0.652691184593084,0.142786269914951,0.976013956804995,0.113481772631254
0.63,0.65,0.48,0.5,0.66,0.67,0.71,0.425772784041223,0.30489650535582,0.740256192289958,0.834808064572735,0.326552153605903,0.118214862768688,0.138184935490826
0.41,0.51,0.48,0.5,0.53,0.75,0.78,0.134874259660547,0.18207019224795,0.644026528960054,0.917427111571303,0.421120621841138,0.315991554068096,0.670807623404849
0.34,0.67,0.48,0.5,0.52,0.76,0.79,0.878807016112665,0.813088209409432,0.987271778986952,0.947673557719868,0.0468255058719924,0.887513875071568,0.48386276200938
0.58,0.34,0.48,0.5,0.56,0.87,0.81,0.114758455349925,0.180408660587019,0.935156076688231,0.615760438236988,0.859883360243684,0.641909963756807,0.262333825440029
0.59,0.56,0.48,0.5,0.55,0.8,0.82,0.744582958380945,0.201146658121103,0.980429294371707,0.534511504306406,0.699324331905812,0.987233361967845,0.737905373951113
0.51,0.4,0.48,0.5,0.57,0.62,0.67,0.475140067733553,0.289213975348684,0.738245524337317,0.647544863908912,0.0307356975564921,0.260512045355095,0.818504158137401
0.5,0.57,0.48,0.5,0.71,0.61,0.66,0.562386061374004,0.401334900407107,0.498884703431462,0.702044024624204,0.851651316186396,0.227259097559961,0.930488353996568
0.6,0.46,0.48,0.5,0.45,0.81,0.83,0.724867753175507,0.544217727319633,0.92219933443241,0.785088285752167,0.234414575651371,0.08614439857671,0.258917112440094
0.37,0.47,0.48,0.5,0.39,0.76,0.79,0.542576033544559,0.684404368840508,0.929756822233021,0.558656966124887,0.0981976019708484,0.682303971760006,0.539427382567545
0.58,0.55,0.48,0.5,0.57,0.7,0.74,0.497442892180358,0.859919324825924,0.511344192890984,0.778249249723279,0.375142080374442,0.356510851513848,0.893952342619952
0.36,0.47,0.48,0.5,0.51,0.69,0.72,0.727629623147222,0.838827672978326,0.589643415498842,0.772575753001651,0.473071877857997,0.802050900305939,0.064854258678312
0.39,0.41,0.48,0.5,0.52,0.72,0.75,0.560813746734239,0.589918798360323,0.72785744794732,0.897397754976373,0.23284234875839,0.236549694413821,0.572894756139907
0.35,0.51,0.48,0.5,0.61,0.71,0.74,0.65653307123902,0.847752369842762,0.664948414092728,0.995581593749515,0.850460608679693,0.477220849138498,0.867980717977248
0.31,0.44,0.48,0.5,0.5,0.79,0.82,0.205795759428932,0.501915128717009,0.816932062878309,0.924303348621328,0.290114816649433,0.848111052334749,0.250796622598451
0.61,0.66,0.48,0.5,0.46,0.87,0.88,0.629009365224676,0.863269784182998,0.650906090877187,0.805692904384959,0.821795601902629,0.788738663670459,0.0931630066703581
0.48,0.49,0.48,0.5,0.52,0.77,0.71,0.390293344487909,0.638778136747117,0.777103298953498,0.748066923061491,0.235483714811747,0.327114348012632,0.194937662907519
0.11,0.5,0.48,0.5,0.58,0.72,0.68,0.309951707533697,0.489188124104081,0.516386240821885,0.860876019115051,0.705744972205722,0.58663811952958,0.384615487714713
0.31,0.36,0.48,0.5,0.58,0.94,0.94,0.230196372764769,0.827117844472318,0.833575621542784,0.95683597669951,0.724444664044986,0.0430956147921106,0.333902339772184
0.68,0.51,0.48,0.5,0.71,0.75,0.78,0.312431807529063,0.207116659292639,0.97510040858725,0.588279090388088,0.627516557783659,0.699096814928664,0.441538277131312
0.69,0.39,0.48,0.5,0.57,0.76,0.79,0.780665959667338,0.940388911463823,0.484792424155768,0.800230956050993,0.750776998630964,0.488666443188091,0.0614218865517841
0.52,0.54,0.48,0.5,0.62,0.76,0.79,0.855007992346343,0.28290478188486,0.874062400868033,0.637949503722287,0.603283905951866,0.754885004782887,0.542886470994005
0.46,0.59,0.48,0.5,0.36,0.76,0.23,0.468761470122754,0.395655247455374,0.499760482009572,0.839685548972272,0.87226639811978,0.128813566245371,0.721084639710009
0.36,0.45,0.48,0.5,0.38,0.79,0.17,0.330696677173441,0.44706531348276,0.830814162121814,0.689469944118539,0.320749201303954,0.651749764184991,0.749738014270692
0,0.51,0.48,0.5,0.35,0.67,0.44,0.00748863948486653,0.310461248959608,0.590323860642353,0.560730803827709,0.101877536322859,0.568924316474484,0.312773858804522
0.1,0.49,0.48,0.5,0.41,0.67,0.21,0.590414198410473,0.872290654492912,0.963106542915092,0.691137917541958,0.333532816982086,0.969864219234061,0.854334933555708
0.3,0.51,0.48,0.5,0.42,0.61,0.34,0.151143178067992,0.902373579808936,0.984912671094265,0.804435733008458,0.546699811457112,0.880539379694465,0.826545433913044
0.61,0.47,0.48,0.5,0,0.8,0.32,0.537420806144312,0.191076943955188,0.618747431945307,0.870367774703726,0.176881803548567,0.175854062458026,0.758168503174558
0.63,0.75,0.48,0.5,0.64,0.73,0.66,0.510106670966086,0.759576632996553,0.800193806941673,0.573589624093063,0.309949792710201,0.787696173108808,0.0856702226054419
0.71,0.52,0.48,0.5,0.64,1,0.99,0.331421570197601,0.730944888402434,0.684294658022901,0.58546218276988,0.839757683722141,0.342026331980899,0.681492408725697
0.85,0.53,0.48,0.5,0.53,0.52,0.35,0.402626672674822,0.759376373306138,0.76045115449397,0.666724231223268,0.432381622412325,0.97389347638343,0.852741294933337
0.63,0.49,0.48,0.5,0.54,0.76,0.79,0.340078779163995,0.761405352249082,0.646044223720399,0.661965893068159,0.131673133551724,0.614442637829979,0.320454789409732
0.75,0.55,1,1,0.4,0.47,0.3,0.809880327460535,0.570879820828984,0.502920838533923,0.798304142798559,0.121090066155905,0.853991915753797,0.88072274346367
0.7,0.39,1,0.5,0.51,0.82,0.84,0.547191072552049,0.751677174573655,0.959076243255819,0.935257891727234,0.548008870647729,0.0360269554401763,0.583634791196103
0.72,0.42,0.48,0.5,0.65,0.77,0.79,0.818577644272816,0.598551211278532,0.597270599277901,0.98945056364522,0.283831862656706,0.203295386334063,0.0315678501148642
0.79,0.41,0.48,0.5,0.66,0.81,0.83,0.271749701253764,0.873745825315022,0.989984314190701,0.709292463159222,0.338395845579301,0.0491279547452685,0.538452132392567
0.83,0.48,0.48,0.5,0.65,0.76,0.79,0.844653110704231,0.937163479984586,0.8155789317974,0.667761148841106,0.765830123637199,0.772855277950489,0.927500327555749
0.69,0.43,0.48,0.5,0.59,0.74,0.77,0.833541626488855,0.980550538029703,0.483198417611408,0.604458343778079,0.261545029476437,0.0951281833745289,0.632903283945945
0.79,0.36,0.48,0.5,0.46,0.82,0.7,0.152050234594568,0.952287424565302,0.498437019881452,0.737726941854218,0.119678799494251,0.315059981331469,0.622503495637904
0.78,0.33,0.48,0.5,0.57,0.77,0.79,0.100598370423494,0.755669671289738,0.980981645259216,0.952976578047052,0.578325696074382,0.527336198202659,0.179838373506988
0.75,0.37,0.48,0.5,0.64,0.7,0.74,0.496405201085187,0.248002542854193,0.911275871526237,0.643627543418343,0.318416074504785,0.481392378287656,0.526848522708694
0.59,0.29,0.48,0.5,0.64,0.75,0.77,0.748698666866851,0.810313232323283,0.609758969432137,0.706318566980475,0.0242319850375354,0.877450570141458,0.0940068253020491
0.67,0.37,0.48,0.5,0.54,0.64,0.68,0.836251164466512,0.815156743020943,0.683322089813725,0.902386089130963,0.215088818888227,0.334338480834406,0.278451628590566
0.66,0.48,0.48,0.5,0.54,0.7,0.74,0.0811522167466402,0.728955273653492,0.855566203600605,0.594611817239415,0.11872243306895,0.0908350942926558,0.341568177512359
0.64,0.46,0.48,0.5,0.48,0.73,0.76,0.168513553236452,0.707058822606819,0.695021092862178,0.688544409882978,0.18780781583596,0.494173435112023,0.568345882635239
0.76,0.71,0.48,0.5,0.5,0.71,0.75,0.691110847677721,0.754162250105974,0.483151655675131,0.517822563260178,0.327038103755902,0.739819552733101,0.636015351760928
0.84,0.49,0.48,0.5,0.55,0.78,0.74,0.830780868534016,0.958867970908391,0.695015279140788,0.880410415466666,0.332222781944242,0.1765319744664,0.1459061371125
0.77,0.55,0.48,0.5,0.51,0.78,0.74,0.549002181795,0.879918294163564,0.929040168973533,0.584500019869524,0.578854651904458,0.38956658815612,0.631030308015436
0.81,0.44,0.48,0.5,0.42,0.67,0.68,0.26245473616779,0.39915057939631,0.953351136636631,0.906903242237752,0.782963767932528,0.0872338386290359,0.846877296482884
0.58,0.6,0.48,0.5,0.59,0.73,0.76,0.36454407625088,0.77513077915025,0.725925870997439,0.537263250309145,0.670093211893982,0.637013926081411,0.736650986955844
0.63,0.42,0.48,0.5,0.48,0.77,0.8,0.550288086105477,0.235563603226124,0.487129289212589,0.508373000600697,0.335222812337116,0.899870318097511,0.875916353217658
0.62,0.42,0.48,0.5,0.58,0.79,0.81,0.671914443639276,0.451615665444002,0.789236205070019,0.777185201277595,0.745941260818595,0.653536714371406,0.0478088580243002
0.86,0.39,0.48,0.5,0.59,0.89,0.9,0.410364963756157,0.645718634796514,0.795673785485589,0.831926338488146,0.38276272976488,0.234449995899299,0.914865500013618
0.81,0.53,0.48,0.5,0.57,0.87,0.88,0.632161067333566,0.706777344828632,0.738294489470399,0.922816671547722,0.457086049811398,0.0815926856071741,0.725073480902733
0.87,0.49,0.48,0.5,0.61,0.76,0.79,0.179300945313933,0.521973596999359,0.918939882383238,0.999443012717659,0.666145194386417,0.254572570971536,0.919699755649974
0.47,0.46,0.48,0.5,0.62,0.74,0.77,0.024318626699917,0.435394361285181,0.975444287308579,0.813210939877281,0.845853615398298,0.985296847352719,0.228468274269812
0.76,0.41,0.48,0.5,0.5,0.59,0.62,0.299043527521881,0.784993845455759,0.964114159964232,0.50743383719862,0.0105970017093705,0.752090352367114,0.656660141903862
0.7,0.53,0.48,0.5,0.7,0.86,0.87,0.885712966902765,0.588473848384853,0.644569678903804,0.537752534426798,0.614344315293345,0.317399923476064,0.897795779199595
0.64,0.45,0.48,0.5,0.67,0.61,0.66,0.752043237063396,0.415874227936753,0.684754614980671,0.786427879068011,0.281448006314021,0.246100259332536,0.368767521791935
0.81,0.52,0.48,0.5,0.57,0.78,0.8,0.0867042470669716,0.292275861427745,0.901628270592515,0.634713436209008,0.761103508580269,0.709689521158293,0.149239001872329
0.73,0.26,0.48,0.5,0.57,0.75,0.78,0.782499719014759,0.613383242456466,0.497682379954474,0.919294207120033,0.594594627521446,0.606711140754045,0.943342603598459
0.49,0.61,1,0.5,0.56,0.71,0.74,0.697869144244509,0.429159815573543,0.566997754236311,0.504765145242671,0.519274863318808,0.101470939149652,0.855282983577056
0.88,0.42,0.48,0.5,0.52,0.73,0.75,0.437241999082253,0.840334870218596,0.561342707373748,0.864329840760859,0.305426931769233,0.206235724408501,0.512280222158433
0.84,0.54,0.48,0.5,0.75,0.92,0.7,0.077500059343681,0.223266483349988,0.723539719456866,0.573045527973713,0.157509566214831,0.67567012718365,0.0998653237833805
0.63,0.51,0.48,0.5,0.64,0.72,0.76,0.378619656527193,0.180799642860226,0.881269997450453,0.516533555849621,0.301680533373065,0.050651188574503,0.217358930542025
0.86,0.55,0.48,0.5,0.63,0.81,0.83,0.730317180863639,0.967139215445543,0.57521783165708,0.927236419191061,0.661611771217407,0.478815472416975,0.976343045354462
0.79,0.54,0.48,0.5,0.5,0.66,0.68,0.410290242170971,0.261082826651333,0.710802856063944,0.978880756016738,0.258911301536341,0.319022464808875,0.24879840704493
0.57,0.38,0.48,0.5,0.06,0.49,0.33,0.671632150371264,0.538279896569408,0.822571019940864,0.589650825914049,0.0703900571021886,0.782012100861532,0.523419810462043
0.78,0.44,0.48,0.5,0.45,0.73,0.68,0.0748567759693995,0.572902763566481,0.681408441137713,0.776623851340307,0.0140121078536176,0.570470036235218,0.818028598845328
0.78,0.68,0.48,0.5,0.83,0.4,0.29,0.266946516607962,0.521213899577375,0.941986852068395,0.999191029118001,0.540679154214256,0.950572106982464,0.591413346171709
0.63,0.69,0.48,0.5,0.65,0.41,0.28,0.456869895010312,0.427017584160594,0.989828165122046,0.913960747630894,0.793504062466441,0.389449323134526,0.569818327099589
0.67,0.88,0.48,0.5,0.73,0.5,0.25,0.530692068482719,0.648333217632063,0.739562117162421,0.649482404915249,0.360123074342885,0.171472202318306,0.414767267171396
0.61,0.75,0.48,0.5,0.51,0.33,0.33,0.824376248261503,0.670949622773155,0.918342337102949,0.776997889776376,0.809917784354833,0.306417406385485,0.274505290540314
0.67,0.84,0.48,0.5,0.74,0.54,0.37,0.146279850878292,0.244772496426703,0.799518524255302,0.619755353347225,0.0771684972254147,0.368126473534257,0.374930432500805
0.74,0.9,0.48,0.5,0.57,0.53,0.29,0.22798566400066,0.562311199233534,0.532963974338727,0.852883652876433,0.578776268661628,0.993612930654248,0.616799425919338
0.73,0.84,0.48,0.5,0.86,0.58,0.29,0.0728964688341764,0.731401702411952,0.954141773670202,0.548277958232043,0.485971085014687,0.0440812875165084,0.076042305826441
0.75,0.76,0.48,0.5,0.83,0.57,0.3,0.888782327767033,0.486224397231779,0.976430353069662,0.576957857231083,0.480205476070205,0.0905390268449592,0.186358729302795
0.77,0.57,0.48,0.5,0.88,0.53,0.2,0.150495160753124,0.69971856149435,0.877049515104514,0.548424752923815,0.469973828050016,0.490305810177077,0.757544735370903
0.74,0.78,0.48,0.5,0.75,0.54,0.15,0.330079341058374,0.846525439728109,0.578982798852984,0.680102830438214,0.256437474926155,0.31269847103999,0.851749849161736
0.68,0.76,0.48,0.5,0.84,0.45,0.27,0.716767166417658,0.790165374061419,0.584982106725631,0.60528066217291,0.342105332545425,0.608225006819259,0.358335104457624
0.56,0.68,0.48,0.5,0.77,0.36,0.45,0.399146626174313,0.738879680875502,0.789637201210103,0.850008177662725,0.166063659073802,0.458576590175371,0.660854519491511
0.65,0.51,0.48,0.5,0.66,0.54,0.33,0.557501419506111,0.720523034397528,0.538350343737136,0.707108780030578,0.123419949773596,0.640567490718985,0.233719336494363
0.52,0.81,0.48,0.5,0.72,0.38,0.38,0.672196035421046,0.979899836125572,0.736479690042245,0.876891446239116,0.158829305222028,0.441140595573221,0.274503051656167
0.64,0.57,0.48,0.5,0.7,0.33,0.26,0.633501126466742,0.98823992513042,0.832835461546871,0.748227174468843,0.135411530416727,0.171364505882345,0.183873007644154
0.6,0.76,1,0.5,0.77,0.59,0.52,0.305071261572912,0.566313771054256,0.81977056129725,0.682173744714018,0.295602904534475,0.222213086983997,0.12950919949511
0.69,0.59,0.48,0.5,0.77,0.39,0.21,0.796176479783753,0.771299811046795,0.708947543336737,0.939630893151795,0.653676345597439,0.151257516951198,0.963520316172657
0.63,0.49,0.48,0.5,0.79,0.45,0.28,0.356056534157697,0.528108587384899,0.488032707052042,0.886180521280189,0.767912314533985,0.288044339193995,0.893130901817811
0.71,0.71,0.48,0.5,0.68,0.43,0.36,0.397910186391391,0.747235247967236,0.694972234967157,0.870979876991745,0.863570643951338,0.0618681336428179,0.534535463098668
0.68,0.63,0.48,0.5,0.73,0.4,0.3,0.481635085469112,0.301498555863592,0.732985630444995,0.766919664572121,0.136100961179803,0.913064143179304,0.191958000066337
0.77,0.57,1,0.5,0.37,0.54,0.01,0.178101849162789,0.970254061804781,0.815054338272286,0.924847100836014,0.412214676926168,0.122948118982876,0.146269145738081
0.66,0.49,1,0.5,0.54,0.56,0.36,0.376021847845513,0.180272688851254,0.650047855526859,0.848406389380083,0.0258083398915578,0.867672646450854,0.862247053495596
0.71,0.46,1,0.5,0.52,0.59,0.3,0.299985252465833,0.437558632664594,0.940141795826592,0.715820077265266,0.701048711514901,0.568832499577769,0.4952311489204
0.67,0.55,1,0.5,0.66,0.58,0.16,0.246074875761314,0.370825559866103,0.538614659229546,0.525518242320197,0.421703798202072,0.453370016124008,0.367343229118814
0.68,0.49,1,0.5,0.62,0.55,0.28,0.771411912358458,0.645999426858749,0.91217737114364,0.59491233319021,0.0397130821755006,0.587058703768063,0.544199013651023
0.74,0.49,0.48,0.5,0.42,0.54,0.36,0.293466315574319,0.831900223593676,0.943005240023054,0.81796729877762,0.612722322819869,0.386092520759938,0.582054309465168
0.7,0.61,0.48,0.5,0.56,0.52,0.43,0.650394179450566,0.864193787372466,0.677084040901486,0.887500842839202,0.422092781390511,0.266286375701407,0.436848676045041
0.66,0.86,0.48,0.5,0.34,0.41,0.36,0.260254944053704,0.414210747612862,0.512902312832839,0.889847548311107,0.219953470729291,0.678575439500915,0.64546655621862
0.73,0.78,0.48,0.5,0.58,0.51,0.31,0.0655591570506555,0.647195031484611,0.598594735789085,0.893810853834587,0.857494187179339,0.976668470800554,0.816031115348796
0.65,0.57,0.48,0.5,0.47,0.47,0.51,0.250045514724987,0.302031128510055,0.906149240610099,0.828252670216654,0.689985442084301,0.135380965268682,0.263620307882351
0.72,0.86,0.48,0.5,0.17,0.55,0.21,0.0309321234176703,0.436768070674563,0.889346498231647,0.559533747745178,0.279331384893639,0.646861761059172,0.0749257369970783
0.67,0.7,0.48,0.5,0.46,0.45,0.33,0.471975888650083,0.317276385831313,0.616783042007203,0.747102553573744,0.444218950107807,0.644935539268075,0.730834848810133
0.67,0.81,0.48,0.5,0.54,0.49,0.23,0.690374228010862,0.293822510500295,0.718264692826632,0.524149589894076,0.24560929597732,0.953225279446011,0.713347624585323
0.67,0.61,0.48,0.5,0.51,0.37,0.38,0.0934550282376923,0.619306960384261,0.69322161366954,0.551096318110464,0.0721819934962296,0.578980772597135,0.960467608051847
0.63,1,0.48,0.5,0.35,0.51,0.49,0.339433855481144,0.301063610793422,0.857811781879997,0.596787268173523,0.78692114727969,0.81262399632789,0.28001345282038
0.57,0.59,0.48,0.5,0.39,0.47,0.33,0.563354498315798,0.512817603284859,0.916594603021158,0.868426230043279,0.730039785033963,0.109926280018719,0.620574739104493
0.71,0.71,0.48,0.5,0.4,0.54,0.39,0.569085311219357,0.578562432703844,0.493431186319913,0.979666686578806,0.435678940751176,0.170056008249962,0.212021134160929
0.66,0.74,0.48,0.5,0.31,0.38,0.43,0.129270508448729,0.363090647117026,0.813979044528072,0.591312654068334,0.605174923849403,0.291590935068712,0.442085904916794
0.67,0.81,0.48,0.5,0.25,0.42,0.25,0.419126338287994,0.338649648960687,0.996220153943217,0.757980411329197,0.530647205356473,0.417870407879636,0.394500342271224
0.64,0.72,0.48,0.5,0.49,0.42,0.19,0.215036197848937,0.685055397456885,0.77847298161122,0.876160462064364,0.303815594271913,0.579456135114144,0.59105105126274
0.68,0.82,0.48,0.5,0.38,0.65,0.56,0.456857932893868,0.419287278246255,0.813675183055811,0.533078738025908,0.42807716474244,0.419003202829608,0.903348273402109
0.32,0.39,0.48,0.5,0.53,0.28,0.38,0.215181494350692,0.429169100143569,0.573251823154762,0.56049021846968,0.326414911275888,0.313997650074437,0.236040018576146
0.7,0.64,0.48,0.5,0.47,0.51,0.47,0.802933185491935,0.83631714593144,0.516283356794436,0.606606084471646,0.0853988789650221,0.423232946558682,0.0445554690352528
0.63,0.57,0.48,0.5,0.49,0.7,0.2,0.21420784916152,0.858020734150725,0.849600038509595,0.635859038624442,0.808645030858913,0.211122024390215,0.884056806320817
0.74,0.82,0.48,0.5,0.49,0.49,0.41,0.212409880514338,0.355889925464194,0.533234637227716,0.928212035594481,0.154258753680945,0.701082795998514,0.360645795744809
0.63,0.86,0.48,0.5,0.39,0.47,0.34,0.320526944377247,0.488232568602559,0.503419083082256,0.965705504389151,0.365972130802409,0.613215656602301,0.169801558531469
0.63,0.83,0.48,0.5,0.4,0.39,0.19,0.416898610238926,0.529532165152566,0.998527402458583,0.734626657806169,0.162855809543284,0.298837308609295,0.62039369980083
0.63,0.71,0.48,0.5,0.6,0.4,0.39,0.098490524302585,0.839694651564858,0.636877280094768,0.74343595735734,0.66261965267288,0.736233564782728,0.184894547850455
0.71,0.86,0.48,0.5,0.4,0.54,0.32,0.360188858662177,0.689905194798827,0.618372822659026,0.944279927963869,0.664345808578498,0.647355211708694,0.00169674305296395
0.68,0.78,0.48,0.5,0.43,0.44,0.42,0.012379862871475,0.805428571827508,0.921566162515176,0.591561022156447,0.504337841670261,0.429231536154118,0.599339187510649
0.64,0.84,0.48,0.5,0.37,0.45,0.4,0.636272192286571,0.215739536034963,0.871963321798289,0.612867837489382,0.772205359539408,0.967860299773302,0.841489905192218
0.74,0.47,0.48,0.5,0.5,0.57,0.42,0.721527688639398,0.984779872056697,0.613531576797258,0.97543981958074,0.735491556633395,0.616007404832274,0.464907936105895
0.75,0.84,0.48,0.5,0.35,0.52,0.33,0.0166957097536082,0.413097532301209,0.612347670251531,0.976133854859372,0.635330330401992,0.434837000663497,0.51114075481963
0.63,0.65,0.48,0.5,0.39,0.44,0.35,0.721767349357204,0.819495805647418,0.493024527300852,0.81777350934589,0.723948055899358,0.181415198421395,0.0178902045487717
0.69,0.67,0.48,0.5,0.3,0.39,0.24,0.316291949843727,0.370743619351381,0.846398120623797,0.853487217726974,0.48640816757049,0.118586670302205,0.274337804255256
0.7,0.71,0.48,0.5,0.42,0.84,0.85,0.574615010775304,0.727263424844116,0.649073955170117,0.700505384133805,0.860168451993595,0.0977897992765808,0.867989901870524
0.69,0.8,0.48,0.5,0.46,0.57,0.26,0.268776554729186,0.57294261679616,0.70568827113047,0.654112811196464,0.74395631127059,0.914646209810321,0.154800009485785
0.64,0.66,0.48,0.5,0.41,0.39,0.2,0.455121250513891,0.685236947030315,0.712721605844987,0.607723170304584,0.394743054433244,0.817386693705611,0.371643034184845
0.63,0.8,0.48,0.5,0.46,0.31,0.29,0.169096903649212,0.285217536597476,0.830014986467778,0.639446058146546,0.687144907580288,0.0751761566288145,0.968804815156669
0.66,0.71,0.48,0.5,0.41,0.5,0.35,0.861364919075653,0.186260819408889,0.612445720844856,0.757469076654515,0.682144213908956,0.172175228540075,0.372207942530149
0.69,0.59,0.48,0.5,0.46,0.44,0.52,0.328270265970238,0.593794294856467,0.561518338719337,0.737027842477326,0.187379086088911,0.527551898174242,0.608654792315512
0.68,0.67,0.48,0.5,0.49,0.4,0.34,0.602969356834872,0.6483856328224,0.781683569037593,0.588284086619133,0.734311555862815,0.0401248571360365,0.645433702866574
0.64,0.78,0.48,0.5,0.5,0.36,0.38,0.514380239146079,0.367880821524901,0.837698684122222,0.671452194060137,0.470425927512853,0.434144395794057,0.868547331729672
0.62,0.78,0.48,0.5,0.47,0.49,0.54,0.0558864313713843,0.456205412892263,0.653710381016052,0.670293271851169,0.182015133819284,0.613879652004987,0.600629888756353
0.76,0.73,0.48,0.5,0.44,0.39,0.39,0.887679283587431,0.16464902220184,0.805768103345225,0.639605042461261,0.31938984123353,0.0338595260834053,0.0982827482965868
0.64,0.81,0.48,0.5,0.37,0.39,0.44,0.321662311831276,0.949332613627987,0.657811026614274,0.881379149454,0.309362839545901,0.97723811121431,0.953499560206204
0.29,0.39,0.48,0.5,0.52,0.4,0.48,0.746088752303608,0.504076639702329,0.854282104624832,0.583412696762283,0.165284082912487,0.761271657419177,0.696052990044745
0.62,0.83,0.48,0.5,0.46,0.36,0.4,0.42011325548659,0.526300087639633,0.998692244561959,0.784520398720409,0.841441615864144,0.868627985911125,0.00788193994025399
0.56,0.54,0.48,0.5,0.43,0.37,0.3,0.707501392239256,0.649891977237025,0.785421221883169,0.509725838636229,0.689741699836478,0.271070128100651,0.623485145262878
0.69,0.66,0.48,0.5,0.41,0.5,0.25,0.73625217495415,0.228864983333982,0.555080753156203,0.539041825125955,0.612155113782382,0.421131094306548,0.606814789213013
0.69,0.65,0.48,0.5,0.63,0.48,0.41,0.668858791728701,0.503598517368285,0.755654327901236,0.553140938599328,0.694900728929123,0.668396182271636,0.158908410138994
0.43,0.59,0.48,0.5,0.52,0.49,0.56,0.765552893273558,0.802496665448917,0.882831928005708,0.6597610784697,0.543634747222793,0.513426217203521,0.637948813799737
0.74,0.56,0.48,0.5,0.47,0.68,0.3,0.579459477084828,0.657234893219698,0.901838382273899,0.774909351457088,0.444545823103928,0.659572870071195,0.116429361537667
0.71,0.57,0.48,0.5,0.48,0.35,0.32,0.679577468487141,0.386996516018163,0.894666172970212,0.508829912771901,0.763157765361224,0.620626467910835,0.604490535051564
0.61,0.6,0.48,0.5,0.44,0.39,0.38,0.102476887532603,0.325656709625818,0.528711497282984,0.63925108982792,0.750352716451335,0.386567734969858,0.52653934731053
0.59,0.61,0.48,0.5,0.42,0.42,0.37,0.257308154374711,0.556557577111445,0.698337165963821,0.581227686657294,0.139973061114849,0.163185065803966,0.63599745748596
0.74,0.74,0.48,0.5,0.31,0.53,0.52,0.560853605069917,0.987167430882966,0.760906985283819,0.808802980091637,0.583104574988402,0.844018415175757,0.840554535872046
